source_id,name_ru,our_version_marker,official_url,mirror_url,fetchable,version_signal,version_signal_example,freshness_check_strategy,quick_link_for_user,confidence,notes
"R14_monitoring_ru@adilet","Правила мониторинга исполнения договоров + ЕКД (прил. 1) — приказ и.о. МЗ РК от 24.12.2020 № ҚР ДСМ-321/2020 (рус)","ред. 27.02.2026 (приказ № 19 от 27.02.2026); корпус regs/ от 08.07.2026","https://adilet.zan.kz/rus/docs/V2000021904","","blocked","n/a — фетчеру отдается пустое тело (0 байт контента, без ошибки и без JS-шелла)","n/a","не мониторить напрямую; в браузере страница рендерится (JS) — держать только как ручной quick-link","https://adilet.zan.kz/rus/docs/V2000021904","CONFIRMED","2/2 попытки 09.07.2026 пусто; то же 08.07.2026. Канонический официальный URL — показывать пользователю как «официальный источник»"
"R14_monitoring_ru@uchet","Правила мониторинга + ЕКД (рус) — зеркало Эталонного банка НПА","ред. 27.02.2026","https://adilet.zan.kz/rus/docs/V2000021904","https://zakon.uchet.kz/rus/docs/V2000021904","yes","text-pattern (первое вхождение, без ^/$): Обновленный с изменениями на:\s*(\d{2}\.\d{2}\.\d{4})","«Обновленный с изменениями на: 27.02.2026» — отдельный абзац сразу под строкой «…№ ҚР ДСМ-321/2020. Зарегистрирован … № 21904.», первые ~5–7% текста (строка 58 из 734)","суточный GET зеркала → regex → сравнить с сохраненной датой; отличие = статус «вышла новая редакция» + quick-link","https://zakon.uchet.kz/rus/docs/V2000021904","CONFIRMED","09.07.2026 страница пришла ПОЛНОЙ (75 390 зн.); внизу таблица «История изменения документа» (9 редакций, ссылки /rus/history/V2000021904/DD.MM.YYYY); ловушка: декой-дата «Дата обновления: 16.01.2024» в шапке ВЫШЕ маркера — не брать первую дату страницы"
"R14_monitoring_kk@uchet","Мониторинг қағидалары + БЖС (каз) — зеркало","ред. 27.02.2026","https://adilet.zan.kz/kaz/docs/V2000021904","https://zakon.uchet.kz/kaz/docs/V2000021904","yes","text-pattern (универсальный ru+kk): (?:Обновленный\s+)?с изменениями на:\s*(\d{2}\.\d{2}\.\d{4}); легаси-альтернатива: Өзгерістерімен жаңартылған күні:\s*(\d{2}\.\d{2}\.\d{4})","«с изменениями на: 27.02.2026» (09.07.2026, БЕЗ слова «Обновленный»); 08.07.2026 наблюдалась форма «Өзгерістерімен жаңартылған күні: 27.02.2026» — формат плавает","тот же суточный GET+regex, допускающий обе формы","https://zakon.uchet.kz/kaz/docs/V2000021904","CONFIRMED","обрезка @67 059 зн. съедает нижние таблицы (история не видна), маркер в первых ~7% выживает; на kk-странице русскоязычные подписи инфо-таблицы («Дата изменения акта | 27.02.2026»)"
"R14_monitoring_kk@adilet","Мониторинг қағидалары (каз) — adilet напрямую","ред. 27.02.2026","https://adilet.zan.kz/kaz/docs/V2000021904","","yes","n/a — датированного маркера НЕТ: под заголовком только статус-слово «Жаңартылған»; правки видны лишь в примечаниях «Ескерту…» по тексту","статус-слово «Жаңартылған» (строка 6); дат нет","не использовать как сигнал версии (нет даты, нестабильная отдача); только запасной quick-link","https://adilet.zan.kz/kaz/docs/V2000021904","LIKELY","нестабильно: 09.07.2026 неожиданно отдал 59 498 зн. реального текста (обрыв в приложении), 08.07.2026 — устаревшую ред. 2023 г.; rus-версия при этом блокируется"
"R15_zakup_ru@adilet","Правила закупа услуг у субъектов здравоохранения — приказ МЗ РК от 08.12.2020 № ҚР ДСМ-242/2020 (рус)","ред. 05.01.2026; корпус regs/ 08.07.2026 (~55–65%)","https://adilet.zan.kz/rus/docs/V2000021744","","blocked","n/a","n/a","только ручной quick-link","https://adilet.zan.kz/rus/docs/V2000021744","LIKELY","сам URL 09.07 не пробовался; вывод по единообразному поведению adilet (09.07 пусты 4 разных rus-ID: V2000021904, V2000021550, P2000000672, Z2500000239; 08.07 пуст и этот)"
"R15_zakup_ru@uchet","Правила закупа (рус) — зеркало","ред. 05.01.2026","https://adilet.zan.kz/rus/docs/V2000021744","https://zakon.uchet.kz/rus/docs/V2000021744","yes","text-pattern: Обновленный с изменениями на:\s*(\d{2}\.\d{2}\.\d{4})","«Обновленный с изменениями на: 05.01.2026» — сразу под строкой «…№ ҚР ДСМ-242/2020. Зарегистрирован … № 21744.» (строка 57 из 722, первые ~5–6%)","суточный GET+regex; маркер переживает обрезку с большим запасом","https://zakon.uchet.kz/rus/docs/V2000021744","CONFIRMED","обрезка @86 234 зн. (обрыв в п. 48 — известное поведение, полный текст радару не нужен); между маркером и преамбулой вклинивается строка «Примечание ИЗПИ! … вводится в действие с 1 января 2021 года» — regex не мешает"
"R15_zakup_kk@uchet","Сатып алу қағидалары (каз) — зеркало","ред. 05.01.2026; корпус 08.07.2026 (~30–35%)","https://adilet.zan.kz/kaz/docs/V2000021744","https://zakon.uchet.kz/kaz/docs/V2000021744","yes","универсальный regex: (?:Обновленный\s+)?с изменениями на:\s*(\d{2}\.\d{2}\.\d{4})","«с изменениями на: 05.01.2026» (наблюдение корпусной сессии 08.07.2026)","суточный GET+regex (обе формы маркера)","https://zakon.uchet.kz/kaz/docs/V2000021744","LIKELY","09.07 не перепроверялся; 08.07 зеркало отдавало текст с маркером; ожидать ту же обрезку и слот маркера, что и у rus-версии"
"R15_oplata_ru@adilet","Правила оплаты услуг субъектов здравоохранения — приказ МЗ РК от 20.12.2020 № ҚР ДСМ-291/2020 (рус)","ред. 18.05.2026; корпус regs/ 08.07.2026 (~35–45%)","https://adilet.zan.kz/rus/docs/V2000021831","","blocked","n/a","n/a","только ручной quick-link","https://adilet.zan.kz/rus/docs/V2000021831","LIKELY","сам URL 09.07 не пробовался; вывод по единообразному поведению adilet (см. R15_zakup_ru@adilet)"
"R15_oplata_ru@uchet","Правила оплаты (рус) — зеркало","ред. 18.05.2026","https://adilet.zan.kz/rus/docs/V2000021831","https://zakon.uchet.kz/rus/docs/V2000021831","yes","text-pattern СТРОГО без привязки к переносам строк: Обновленный с изменениями на:\s*(\d{2}\.\d{2}\.\d{4})","«…Зарегистрирован … 21 декабря 2020 года № 21831. Обновленный с изменениями на: 18.05.2026 В соответствии c пунктом 2 статьи 69 Кодекса…» — маркер внутри сплошного текста","суточный GET+regex; после даты идет пробел и текст (нет пунктуации-терминатора)","https://zakon.uchet.kz/rus/docs/V2000021831","CONFIRMED","аномалия рендера 09.07: ВСЯ страница пришла одной строкой 68 450 зн. — парсер не должен предполагать построчную структуру; обрезка съедает историю внизу"
"R15_oplata_kk@uchet","Ақы төлеу қағидалары (каз) — зеркало","ред. 18.05.2026; корпус 08.07.2026 (~30–40%)","https://adilet.zan.kz/kaz/docs/V2000021831","https://zakon.uchet.kz/kaz/docs/V2000021831","yes","универсальный regex: (?:Обновленный\s+)?с изменениями на:\s*(\d{2}\.\d{2}\.\d{4})","«с изменениями на: 18.05.2026» (наблюдение корпусной сессии 08.07.2026)","суточный GET+regex (обе формы маркера)","https://zakon.uchet.kz/kaz/docs/V2000021831","LIKELY","09.07 не перепроверялся; ожидать возможный «однострочный» рендер, как у rus-версии"
"R16_tarif_ru@adilet","Тарифы на медуслуги ГОБМП/ОСМС — приказ и.о. МЗ РК от 30.10.2020 № ҚР ДСМ-170/2020 (тарификатор = прил. 7, КПН = прил. 8)","ред. 31.12.2025 (приказ № 176 от 31.12.2025, тарифы с 01.01.2026); tarifikator_sample.csv на 01.01.2026","https://adilet.zan.kz/rus/docs/V2000021550","","blocked","n/a","n/a","только ручной quick-link","https://adilet.zan.kz/rus/docs/V2000021550","CONFIRMED","пусто 09.07 (1/1) и 08.07; изменяющий приказ № 176 — adilet G25RR000176 (так же не фетчится)"
"R16_tarif_ru@uchet","Тарифный приказ ДСМ-170/2020 (рус) — зеркало","ред. 31.12.2025","https://adilet.zan.kz/rus/docs/V2000021550","https://zakon.uchet.kz/rus/docs/V2000021550","yes","text-pattern: Обновленный с изменениями на:\s*(\d{2}\.\d{2}\.\d{4})","«…№ ҚР ДСМ-170/2020. Зарегистрирован … 30 октября 2020 года № 21550. Обновленный с изменениями на: 31.12.2025 В соответствии с подпунктом 65) статьи 7 Кодекса…» (первые ~3 тыс. зн.)","суточный GET+regex; ВАЖНО: маркер = дата приказа-изменителя (31.12.2025), а не дата ввода тарифов (01.01.2026) — сравнивать как непрозрачный токен, не интерпретировать","https://zakon.uchet.kz/rus/docs/V2000021550","CONFIRMED","обрезка @56 980 зн. внутри таблицы КЗГ прил. 1 — прил. 7 (тарификатор) и прил. 8 (КПН) НЕДОСТИЖИМЫ; хвостовых якорей нет вовсе; страница рендерится «схлопнутыми» строками — только newline-agnostic парсинг"
"R16_tarif_pril7@prg","Прил. 7 (тарификатор КДУ) отдельным документом — ИС Параграф (prg.kz), демо-режим","ред. по состоянию на 01.01.2026","https://adilet.zan.kz/rus/docs/V2000021550","https://prg.kz/Document/?doc_id=36534682","yes","text-pattern 1: по состоянию на\s+(\d{2}\.\d{2}\.\d{4}); text-pattern 2 (хвост цепочки изменений): приказа[^№]{0,120}от\s+(\d{2}\.\d{2}\.\d{2,4})\s*г\.\s*№\s*(\d+)","«(с изменениями и дополнениями по состоянию на 01.01.2026 г.)»; хвост цепочки: «…приказа Министра здравоохранения РК от 31.12.25 г. № 176 (введен в действие с 1 января 2026 г.)»","кросс-чек к uchet-маркеру: новое звено в цепочке изменений = новая версия тарифов; полный текст за пейволлом — сигналом служит только шапка","https://prg.kz/Document/?doc_id=36534682","CONFIRMED","коммерческий агрегатор (НЕ офиц. источник); демо показывает лишь 4 тарифные строки (напр. A01.001.000 Прием: Терапевт 2 487,71); вход online.zakon.kz/Document/?doc_id=36534682 редиректит сюда; meta modified_time 2026-05-21"
"R16_tarif_xlsx@msqory","Скачиваемый тарификатор (XLSX/прайс) на сайтах Фонда — msqory.kz / fms.kz","n/a","https://msqory.kz/ru/postavshchikam/ispolnenie-dogovora-zakupa-meduslug/pravila-i-dokumenty/","","js-only","n/a — в статике файл НЕ обнаружен","n/a","автопроверка невозможна: оба домена отдают фетчеру пустое тело (JS-шелл/бот-блок), ссылки .xlsx/.pdf на них не индексируются поиском; ручная проверка раздела по quick-link","https://msqory.kz/ru/postavshchikam/ispolnenie-dogovora-zakupa-meduslug/pravila-i-dokumenty/","UNKNOWN","6 URL msqory/fms пробовано 09.07 — все пустые; существование выгрузки ЗА JS-шеллом не исключено (нужен headless-браузер или вопрос ментору/Фонду); fms.kz жив параллельно и ведет себя так же"
"R17_gobmp_pp672@adilet","Перечень ГОБМП — ПП РК от 16.10.2020 № 672","ред. 01.01.2026 (ПП № 1086 от 15.12.2025)","https://adilet.zan.kz/rus/docs/P2000000672","","blocked","n/a","n/a","только ручной quick-link","https://adilet.zan.kz/rus/docs/P2000000672","CONFIRMED","пусто 09.07 (1/1) — ПП-страницы adilet ведут себя так же, как приказы"
"R17_gobmp_pp672@uchet","Перечень ГОБМП (ПП № 672) — зеркало","ред. 01.01.2026 (ПП № 1086)","https://adilet.zan.kz/rus/docs/P2000000672","https://zakon.uchet.kz/rus/docs/P2000000672","yes","text-pattern: Обновленный с изменениями на:\s*(\d{2}\.\d{2}\.\d{4})","«Обновленный с изменениями на: 01.01.2026» — под строкой «Постановление Правительства … от 16 октября 2020 года № 672.»","суточный GET+regex; ВНИМАНИЕ: заранее анонсирована смена маркера 01.01.2027 (отложенные нормы ПП № 1086 — «Примечание ИЗПИ» в тексте)","https://zakon.uchet.kz/rus/docs/P2000000672","CONFIRMED","страница ПОЛНАЯ (история 4 ред.: 16.10.2020 → 23.09.2025 → 15.12.2025 → 01.01.2026; статус «Обновленный» — ПП в силе, перечни НЕ мигрировали в приказы); новый п. 14 делегирует перечень СЗЗ уполномоченному органу (приказ ДСМ-108 остается отслеживаемым актом)"
"R17_osms_pp421@adilet","Перечень медпомощи в системе ОСМС — ПП РК от 20.06.2019 № 421","ред. 01.01.2026 (перечень изложен в новой редакции ПП № 1086)","https://adilet.zan.kz/rus/docs/P1900000421","","blocked","n/a","n/a","только ручной quick-link","https://adilet.zan.kz/rus/docs/P1900000421","LIKELY","сам URL 09.07 не пробовался; вывод по единообразному поведению adilet (в т.ч. P2000000672 пуст 09.07)"
"R17_osms_pp421@uchet","Перечень ОСМС (ПП № 421) — зеркало","ред. 01.01.2026 (новая редакция перечня по ПП № 1086)","https://adilet.zan.kz/rus/docs/P1900000421","https://zakon.uchet.kz/rus/docs/P1900000421","yes","text-pattern: Обновленный с изменениями на:\s*(\d{2}\.\d{2}\.\d{4})","«Обновленный с изменениями на: 01.01.2026» — тот же слот под шапкой постановления","суточный GET+regex; та же анонсированная смена маркера 01.01.2027","https://zakon.uchet.kz/rus/docs/P1900000421","CONFIRMED","страница ПОЛНАЯ, история 5 ред. (последняя 01.01.2026), статус «Обновленный» — в силе"
"R17_szz_dsm108@adilet","Перечень социально значимых заболеваний — приказ МЗ РК от 23.09.2020 № ҚР ДСМ-108/2020","ред. 01.01.2026 (приказ № 112 от 21.10.2025: 13 → 11 нозологий)","https://adilet.zan.kz/rus/docs/V2000021263","","blocked","n/a","n/a","только ручной quick-link","https://adilet.zan.kz/rus/docs/V2000021263","LIKELY","сам URL 09.07 не пробовался; вывод по единообразному поведению adilet"
"R17_szz_dsm108@uchet","Перечень СЗЗ (ДСМ-108/2020) — зеркало","ред. 01.01.2026 (приказ № 112 от 21.10.2025)","https://adilet.zan.kz/rus/docs/V2000021263","https://zakon.uchet.kz/rus/docs/V2000021263","yes","text-pattern: Обновленный с изменениями на:\s*(\d{2}\.\d{2}\.\d{4})","«Обновленный с изменениями на: 01.01.2026» — под строкой «…№ ҚР ДСМ-108/2020. Зарегистрирован … № 21263.»","суточный GET+regex","https://zakon.uchet.kz/rus/docs/V2000021263","CONFIRMED","страница ПОЛНАЯ; история 3 ред. (23.09.2020 / 21.10.2025 / 01.01.2026); запасной сигнал — инфо-блок «Дата изменения акта | 01.01.2026»"
"R17_zpdn_dsm109@adilet","Перечень хронических заболеваний динамического наблюдения (ЗПДН) — приказ МЗ РК от 23.09.2020 № ҚР ДСМ-109/2020","ред. 07.08.2025 (приказ № 517 от 07.08.2025: 27 групп)","https://adilet.zan.kz/rus/docs/V2000021262","","blocked","n/a","n/a","только ручной quick-link","https://adilet.zan.kz/rus/docs/V2000021262","LIKELY","сам URL 09.07 не пробовался; вывод по единообразному поведению adilet"
"R17_zpdn_dsm109@uchet","Перечень ЗПДН (ДСМ-109/2020) — зеркало","ред. 07.08.2025 (приказ № 517)","https://adilet.zan.kz/rus/docs/V2000021262","https://zakon.uchet.kz/rus/docs/V2000021262","yes","text-pattern: Обновленный с изменениями на:\s*(\d{2}\.\d{2}\.\d{4})","«Обновленный с изменениями на: 07.08.2025» — тот же слот под шапкой приказа","суточный GET+regex","https://zakon.uchet.kz/rus/docs/V2000021262","CONFIRMED","страница ПОЛНАЯ; история 2 ред. (последняя 07.08.2025)"
"R17_programma_pp840@uchet","Программа гарантий ГОБМП+ОСМС на 2026–2028 — ПП РК от 09.10.2025 № 840 — зеркало","первичная ред. от 09.10.2025 (в силе с 01.01.2026)","https://adilet.zan.kz/rus/docs/P2500000840","https://zakon.uchet.kz/rus/docs/P2500000840","yes","двухступенчатый text-pattern: (1) Обновленный с изменениями на:\s*(\d{2}\.\d{2}\.\d{4}) — если появится; (2) иначе отдельная строка-статус «Действующий» сразу под шапкой постановления","строка 81: «Действующий» под «Постановление Правительства … от 9 октября 2025 года № 840», далее «Вводится в действие с 1 января 2026 года.» (датированного маркера НЕТ — акт еще не менялся)","суточный GET: появление «Обновленный с изменениями на:» = вышла первая правка; смена/пропажа статус-слова — тоже сигнал","https://zakon.uchet.kz/rus/docs/P2500000840","CONFIRMED","обрезка @82 155 зн. (обрыв в таблице коечного фонда) — хвостовые блоки недостижимы, но статус-слот в топе; в первых строках кликабельное оглавление (#z00NN)"
"R17_izm_pp1086@uchet","ПП РК от 15.12.2025 № 1086 (изменения в перечни № 672 и № 421) — зеркало","принят 15.12.2025; в силу 01.01.2026, отдельные нормы — 01.01.2027","https://adilet.zan.kz/rus/docs/P2500001086","https://zakon.uchet.kz/rus/docs/P2500001086","yes","n/a для мониторинга — разовый изменяющий акт; статус-слово «Действующий» под шапкой","«Действующий»; инфо-блок: «Дата принятия акта | 15.12.2025»","НЕ мониторить (изменения уже влиты в маркеры ПП 672/421); держать как справочный quick-link для юр. обоснования редакции 01.01.2026","https://zakon.uchet.kz/rus/docs/P2500001086","CONFIRMED","ID угадан верно (P2500001086), страница ПОЛНАЯ; опубликовано 18.12.2025 (Эталонный банк), САПП № 56 ст. 373"
"R18_mrp@egov","МРП текущего года — справочная статья egov.kz «Минимальные расчетные показатели»","МРП 2026 = 4 325 ₸ (пороги: 200 МРП = 865 000 ₸; 800 МРП = 3 460 000 ₸)","https://egov.kz/cms/ru/articles/article_mci_2012","","yes","text-pattern (по тексту без тегов; блоки лет идут сверху от новейшего): на\s+(20\d{2})\s+год[\s\S]{0,600}?Месячный\s+расчетн\w+\s+показатель[\s\S]{0,300}?(\d{1,3}(?:[\s ]\d{3})+)\s*(?:теңге|тенге) — assert группа1 == текущий год","«Минимальные расчетные показатели на 2026 год … 1. Месячный расчетный показатель (МРП) … - 4 325 теңге» (шапка: «Последнее изменение: 01.07.2026»)","суточный GET → первый блок года → санити: значение в диапазоне 3000–10000 и >= прошлогоднего (4 325 > 3 932)","https://egov.kz/cms/ru/articles/article_mci_2012","CONFIRMED","официальный портал, server-rendered, слаг стабилен с 2012 г.; ловушки: разделитель тысяч может быть NBSP (U+00A0)/&nbsp;, значение в <strong>, на русской странице казахское «теңге»"
"R18_mrp@uchet","МРП по годам — справочник uchet.kz (таблица 2000–2026)","МРП 2026 = 4 325 ₸","https://egov.kz/cms/ru/articles/article_mci_2012","https://uchet.kz/stavki/MRP","yes","text-pattern (верхняя строка таблицы = текущая): МРП\s+с\s+1\s+(?:января|апреля)\s+(20\d{2})\s+года[^0-9]{0,100}?(\d{1,3}(?:[\s ]\d{3})+)\s*тенге — assert группа1 == текущий год","«МРП с 1 января 2026 года - 4 325 тенге | Установлен Законом РК О республиканском бюджете на 2026 - 2028 годы»","резервный источник к egov: тот же суточный GET+regex; альтернатива «апреля» покрывает исторические среднегодовые правки (2020/2022)","https://uchet.kz/stavki/MRP","CONFIRMED","ВАЖНО: страницы uchet.kz/mrp/ НЕ существует — только /stavki/MRP; каждая строка таблицы ссылается на закон-основание (наша: /rus/history/Z2500000239/08.12.2025)"
"R18_mrp_law@adilet","Закон РК от 08.12.2025 № 239-VIII «О республиканском бюджете на 2026–2028 годы» (МРП — ст. 7)","МРП 2026 = 4 325 ₸","https://adilet.zan.kz/rus/docs/Z2500000239","","blocked","n/a","n/a","юридический первоисточник значения — только ручной quick-link (проверять при годовом принятии и весеннем уточнении бюджета)","https://adilet.zan.kz/rus/docs/Z2500000239","CONFIRMED","пусто 2/2 09.07.2026; атрибуция «ст. 7» — LIKELY (по поисковой выдаче, текст закона не фетчился); подписание анонсировано akorda.kz"
"R19_kpn@none","КПН — комплексный подушевой норматив ПМСП (базовый: прил. 8 приказа ДСМ-170/2020)","конфиг продукта: ~1 700 ₸/чел/мес (генератор, окт 2025); утвержденный КПН-2026 = UNKNOWN","https://adilet.zan.kz/rus/docs/V2000021550","","no","n/a — утвержденное значение НЕ достижимо машинно ни в одном проверенном источнике: adilet пуст, зеркало uchet обрезается задолго до прил. 8, prg.kz — пейволл, msqory/fms — JS-шелл","n/a; ближайшие публичные оценки (Q4 2025): «около 1800 тенге» — председатель правления ФСМС (time.kz, 03.11.2025); «порядка 1700 тенге» — tengrinews.kz, 31.10.2025","держать в конфиге с тултипом «утверждается приказом МЗ РК (ДСМ-170/2020, прил. 8; посл. изм. — приказ № 176 от 31.12.2025)» + ручная сверка по quick-link (Ctrl+F «комплексный подушевой норматив»)","https://adilet.zan.kz/rus/docs/V2000021550","UNKNOWN","различать: базовый КПН (в приказе) vs фактический КПН с поправочными коэффициентами по регионам (считает Фонд, машинно не публикуется); с 01.10.2025: незастрахованные — 90% КПН, не обращавшиеся за год — 80%"
"R20_license@elicense","Проверка лицензии на меддеятельность — ГБД «Е-лицензирование» (публичный поиск)","n/a (реестр)","https://elicense.kz/LicensingContent/SimpleSearchLicense","","js-only","n/a — фетчеру не рендерится ничего (4/4 URL пусто); captcha/логин — не наблюдаемы","n/a","ручная проверка по quick-link (бейдж «лицензия проверена вручную» + дата проверки); официальность ссылки подтверждена статичной страницей услуги egov.kz","https://elicense.kz/LicensingContent/SimpleSearchLicense","CONFIRMED","страница-описание услуги (статик, fetch OK): https://egov.kz/cms/ru/services/licensing/proverka-razresheniy-i-licenziy — кнопка «Заказать услугу онлайн» ведет ровно на SimpleSearchLicense; есть и в eGov Mobile"
"R20_license@dataegov","Открытые данные: датасет реестра медлицензий на data.egov.kz","n/a","https://data.egov.kz/datasets/search?text=лицензия","","yes","n/a — профильный датасет НЕ найден","поиск по «лицензия» и «медицинская деятельность» (стр. 1) дает датасеты по охранной деятельности, ж/д, адвокатам, нотариусам; медлицензий нет","сегодня не автоматизируемо; раз в квартал перепроверять появление датасета; механика API портала: data.egov.kz/proxy/{index}?apiKey= (бесплатный ключ в кабинете разработчика)","https://data.egov.kz/datasets/search?text=лицензия","CONFIRMED","портал статичен и без логина (глубже стр. 1 не проверялось); ближайший датасет — «Результаты аккредитации мед. организаций» (2018 г., устарел, и это аккредитация, а не лицензии)"
"R20_providers@ecc","База данных субъектов здравоохранения (реестр поставщиков ФСМС) — веб-портал закупок fms.ecc.kz","n/a (реестр; свежесть = даты правок строк)","https://fms.ecc.kz/ru/fsms/healthcare_subjects","","yes","text-pattern по строке результата для БИН клиники: статус «Включен в БД» / «Исключен из БД» (таблица server-rendered; пагинация GET ?page=N анонимно; карточки /ru/fsms/healthcare_subjects/view/{id})","строка реестра: БИН 220240030777, ТОО «Med City», включен 2026-07-02, статус «Включен в БД»","еженедельный запрос по БИН клиники → бейдж «поставщик в реестре ФСМС»; вердикт AUTO (скрейп; JSON-API не обнаружен)","https://fms.ecc.kz/ru/fsms/healthcare_subjects","CONFIRMED","единственный ПОЛНОСТЬЮ автопроверяемый реестр из R20/R21: статик-HTML, без логина и captcha; портал ТОО «СК-Фармация» (оператор АО «Центр электронных финансов»), жив (новости 25.06.2026), правки строк 29.06–02.07.2026; форма поиска несет CSRF-токен — надежнее обход пагинацией; метод сабмита формы (GET/POST) не наблюдался"
"R20_providers@msqory","Карта/реестр поставщиков на msqory.kz (сайт ФСМС)","n/a","https://msqory.kz/ru/postavshchikam/karta-postavshchikov/","","js-only","n/a — JS-шелл, фетчеру пусто","n/a","вторичный ручной quick-link к бейджу поставщика","https://msqory.kz/ru/postavshchikam/karta-postavshchikov/","LIKELY","существование URL подтверждено поисковым индексом и футером fms.ecc.kz (ссылка ФСМС → msqory.kz); рендер без headless не проверяем; JSON/API за шеллом — UNKNOWN"
"R21_osms_status@egov","Статус участия в ОСМС (по ИИН) — услуга egov.kz «Выдача информации об участии в ОСМС» (pass171-2_mz)","n/a (сервис)","https://egov.kz/cms/ru/services/health_care/pass171-2_mz","","yes","n/a — автоматизация ЗАПРЕЩЕНА продуктом (ПДн)","услуга: заказ по ИИН, результат ~10 мин, также в eGov Mobile","ТОЛЬКО ручной quick-link; правовой каверт: статус ОСМС по ИИН — персональные данные; проверка вручную уполномоченным сотрудником клиники при законном основании (согласие/оказание помощи), без автоматизированного сбора","https://egov.kz/cms/ru/services/health_care/pass171-2_mz","LIKELY","существование услуги подтверждено поиском; сама страница 09.07 не фетчилась (egov-статьи в целом server-rendered — см. R18_mrp@egov); альтернативы: t.me/SaqtandyryBot, банковские приложения, iss.fms.kz"
"R21_osms_status@iss","Исторический чекер статуса ОСМС ФСМС — iss.fms.kz","n/a","https://iss.fms.kz","","js-only","n/a — пусто 2/2, содержимое формы (ИИН? captcha?) не наблюдаемо","n/a","вторичный ручной quick-link (если жив в браузере); первичной держать egov-услугу","https://iss.fms.kz","UNKNOWN","fms.kz/useful-to-know/proverte-svoy-status-osms/ тоже пуст для фетчера (существует по индексу — LIKELY); фактическое состояние iss.fms.kz сегодня неизвестно"
