field_name,field_name_ru,type,example,required,source,confidence
registry_number,Номер счёт-реестра,string,№ 6,yes,"Форма счёт-реестра АПП, прил.9 к Правилам оплаты (приказ ҚР ДСМ-86, zakon.uchet.kz/rus/docs/V2100024058)",CONFIRMED
registry_date,Дата счёт-реестра,date,30.06.2026,yes,"Форма счёт-реестра АПП (V2100024058)",CONFIRMED
period_start,Отчетный период: с,date,01.06.2026,yes,"Форма счёт-реестра АПП (V2100024058)",CONFIRMED
period_end,Отчетный период: по,date,30.06.2026,yes,"Форма счёт-реестра АПП (V2100024058)",CONFIRMED
contract_number,Номер договора закупа услуг,string,Договор № ___ от ___,yes,"Форма счёт-реестра АПП (V2100024058)",CONFIRMED
funding_source,Источник финансирования,enum,ГОБМП | ОСМС,yes,"Форма счёт-реестра АПП (V2100024058)",CONFIRMED
provider_name,Наименование поставщика,string,ГКП на ПХВ «Городская поликлиника № N»,yes,"Форма счёт-реестра АПП (V2100024058)",CONFIRMED
budget_program,Наименование бюджетной программы,string,(наименование бюджетной программы),yes,"Форма счёт-реестра АПП (V2100024058)",CONFIRMED
budget_subprogram,Наименование бюджетной подпрограммы,string,(наименование подпрограммы),yes,"Форма счёт-реестра АПП (V2100024058)",CONFIRMED
attached_population_total,"Количество прикрепленного населения, человек",integer,85000,yes,"Форма счёт-реестра АПП, шапка (V2100024058)",CONFIRMED
attached_population_rural,"в том числе сельское население, человек",integer,0,conditional,"Форма счёт-реестра АПП, шапка (V2100024058)",CONFIRMED
base_capitation_pmsp,"Базовый КПН ПМСП на 1 прикрепленного, зарегистрированного в портале РПН, в месяц, тенге",decimal,(тенге),yes,"Форма счёт-реестра АПП, шапка (V2100024058)",CONFIRMED
capitation_app_total,"КПН на оказание АПП на 1 прикрепленного в месяц, тенге",decimal,(тенге),yes,"Форма счёт-реестра АПП, шапка (V2100024058)",CONFIRMED
incentive_component_per_capita,"Сумма СКПН на 1 прикрепленного в месяц, тенге",decimal,(тенге),yes,"Форма счёт-реестра АПП, шапка (V2100024058)",CONFIRMED
coef_age_gender,Половозрастной поправочный коэффициент,decimal,(коэффициент),conditional,"Форма счёт-реестра АПП, шапка (V2100024058)",CONFIRMED
coef_density,Коэффициент плотности населения,decimal,(коэффициент),conditional,"Форма счёт-реестра АПП, шапка (V2100024058)",CONFIRMED
coef_heating_season,Коэффициент учета продолжительности отопительного сезона,decimal,(коэффициент),conditional,"Форма счёт-реестра АПП, шапка (V2100024058)",CONFIRMED
coef_ecology,Коэффициент за работу в зонах экологического бедствия,decimal,(коэффициент),conditional,"Форма счёт-реестра АПП, шапка (V2100024058)",CONFIRMED
coef_jci,Тариф для медорганизаций с аккредитацией JCI,decimal,(коэффициент),conditional,"Форма счёт-реестра АПП, шапка (V2100024058)",CONFIRMED
emergency_capitation,Подушевой норматив на оказание неотложной помощи (НП) на 1 прикрепленного,decimal,(тенге),conditional,"Форма счёт-реестра АПП, шапка (V2100024058)",CONFIRMED
school_capitation,Подушевой норматив ШМ на 1 школьника в месяц,decimal,(тенге),conditional,"Форма счёт-реестра АПП, шапка (V2100024058)",CONFIRMED
schoolchildren_count,Количество школьников,integer,12000,conditional,"Форма счёт-реестра АПП, шапка (V2100024058)",CONFIRMED
line_no,№ п/п (строка расчета),string,1.8.1,yes,"Табл.1 счёт-реестра АПП (V2100024058)",CONFIRMED
line_name,Наименование (группа услуг / направление расходов),string,за оказание консультативно-диагностических услуг (комплекс КДУ на 1 жителя),yes,"Табл.1 счёт-реестра АПП (V2100024058)",CONFIRMED
line_amount_claimed,"Предъявлено к оплате (тенге)",decimal,1234567.89,yes,"Табл.1 счёт-реестра АПП (V2100024058)",CONFIRMED
service_full_code,Полный код услуги,string,(код по тарификатору мед. услуг — условный пример не приводим),yes,"Прил.3–7 к счёт-реестру: Реестр оказанных услуг (V2100024058)",CONFIRMED
service_name,Наименование услуги,string,Маммография скрининговая,yes,"Прил.3–8 к счёт-реестру (V2100024058)",CONFIRMED
service_unit_price,"Стоимость услуги, тенге",decimal,4500.00,yes,"Прил.3–6 к счёт-реестру (V2100024058)",CONFIRMED
service_quantity,Количество услуг,integer,120,yes,"Прил.3–6, 8 к счёт-реестру (V2100024058)",CONFIRMED
service_amount,"Сумма, тенге",decimal,540000.00,yes,"Прил.3–7 к счёт-реестру (V2100024058)",CONFIRMED
subcontractor_name,Наименование соисполнителя (№ и дата договора соисполнения),string,ТОО «Диагностический центр…» по договору соисполнения №___,conditional,"Прил.6 к счёт-реестру (V2100024058)",CONFIRMED
patient_iin,ИИН пациента,string(12),(12-значный ИИН),conditional,"Прил.7 (КДУ детям 6–17 лет) и прил.8 (неотложная помощь 4 кат.) к счёт-реестру (V2100024058)",CONFIRMED
population_start,Численность прикрепленного населения на начало отчетного периода,integer,84800,yes,"Прил.1 к счёт-реестру, табл.1 (V2100024058)",CONFIRMED
population_attached,Количество прикрепленного населения за период (итого / по свободному выбору),integer,350,yes,"Прил.1 к счёт-реестру, табл.1 (V2100024058)",CONFIRMED
population_detached,Количество открепленного населения (итого / отказ / смерть / выезд),integer,150,yes,"Прил.1 к счёт-реестру, табл.1 (V2100024058)",CONFIRMED
population_end,Численность прикрепленного населения на конец отчетного периода,integer,85000,yes,"Прил.1 к счёт-реестру, табл.1 (V2100024058)",CONFIRMED
age_group,Возрастная группа половозрастной структуры (0–12 мес … 70 и старше),enum,30-39 лет,yes,"Прил.1 к счёт-реестру, табл.2 (V2100024058)",CONFIRMED
male_count,Мужчины (человек в возрастной группе),integer,5200,yes,"Прил.1 к счёт-реестру, табл.2 (V2100024058)",CONFIRMED
female_count,Женщины (человек в возрастной группе),integer,6100,yes,"Прил.1 к счёт-реестру, табл.2 (V2100024058)",CONFIRMED
indicator_name,Индикатор конечного результата деятельности ПМСП (для СКПН),string,Охват патронажными посещениями новорожденных в первые 3 суток,yes,"Прил.2 к счёт-реестру, табл.2 (V2100024058)",CONFIRMED
indicator_target,Целевой показатель индикатора,decimal,(значение по данным портала ДКПН),yes,"Прил.2 к счёт-реестру, табл.2 (V2100024058)",CONFIRMED
indicator_fact,Фактический показатель / % достижения / баллы / сумма СКПН,decimal,(по данным портала ДКПН после закрытия периода),yes,"Прил.2 к счёт-реестру, табл.2 (V2100024058)",CONFIRMED
head_name,Руководитель поставщика (ФИО и подпись; ЭЦП для электронного документа),string,(ФИО),yes,"Форма счёт-реестра АПП, блок подписей (V2100024058)",CONFIRMED
chief_accountant_name,Главный бухгалтер поставщика (ФИО и подпись),string,(ФИО),yes,"Форма счёт-реестра АПП, блок подписей (V2100024058)",CONFIRMED
patient_full_name,ФИО пациента (персонифицированный уровень МИС/ЕПС; в форме счёт-реестра ОТСУТСТВУЕТ),string,(ФИО),no,"Учетная форма 025/у приказа ҚР ДСМ-175/2020 (adilet V2000021579); в счёт-реестре не подтверждено",LIKELY
birth_date,Дата рождения пациента (персонифицированный уровень),date,01.01.1990,no,"Учетная форма 025/у (ҚР ДСМ-175/2020); в форме счёт-реестра отсутствует",LIKELY
gender,Пол пациента (персонифицированный уровень),enum,М | Ж,no,"Учетная форма 025/у (ҚР ДСМ-175/2020); в форме счёт-реестра только агрегат прил.1 табл.2",LIKELY
diagnosis_icd10,Диагноз по МКБ-10 (персонифицированный уровень случая),string,J06.9,no,"Учетная форма 025/у (ҚР ДСМ-175/2020) + правила оплаты используют МКБ-10 для КЗГ; в форме счёт-реестра АПП колонки нет",LIKELY
service_date,Дата оказания услуги (ввод в МИС в течение 3 раб. дней),date,15.06.2026,no,"п.69 Правил оплаты (ред. 2026): ежедневный персонифицированный ввод в МИС, интегрированную с ИС ЕПС (V2000021831); отдельная колонка в форме не подтверждена",LIKELY
doctor_code,Код/ФИО врача (специалиста) оказавшего услугу,string,(код специалиста),no,"Персонифицированный учет в МИС; в официальной форме счёт-реестра колонки нет",INFERRED
referral_number,Номер направления (на КДУ/госпитализацию),string,(номер направления в ИС),no,"Практика КДУ по направлению и онкоплан (S1); в форме счёт-реестра колонки нет",INFERRED
visit_type,Вид обращения/посещения (профилактическое / по заболеванию / на дому),enum,по заболеванию,no,"Учетные формы АПП (ҚР ДСМ-175/2020); в форме счёт-реестра нет",INFERRED
site_number,Участок прикрепления (терапевтический/педиатрический/ВОП),string,Участок № 12,no,"Прил.2 табл.1 упоминает участки; персонифицированная привязка — из ИС РПН",INFERRED
eps_case_status,Статус случая/строки в ИС ЕПС (принят / отклонен / ошибка ФЛК),enum,принят,no,"Порядок исправления некорректного счёт-реестра в течение 1 раб. дня (S1); машиночитаемый статус не подтвержден",INFERRED
